{"cameraMode":{"drawMode":0,"name":"Shaded","section":"Shading Mode"},"sceneLighting":false,"audioPlay":false,"sceneViewState":{"showFog":true,"showMaterialUpdate":false,"showSkybox":true,"showFlares":true,"showImageEffects":true,"showParticleSystems":true},"in2DMode":false,"pivot":{"x":0.4932810068130493,"y":0.9190965890884399,"z":3.5393753051757814},"rotation":{"x":0.040718767791986468,"y":-0.52837073802948,"z":0.02538117580115795,"w":0.8476568460464478},"size":0.5715766549110413,"orthographic":false}